Furnished Room with Private Bathroom for ONE Male Tenant,1100,6695284375
Furnished Room  For Rent for a Student,1000,6687038394
Room Available Downtown 4 Blocks from State Street!,650,6695267347
!!! Fully Furnished room available now !!!,470,6699465111
@@Room in great house available for rent@@,550,6699456997
immaculate room...lots of wood and sunshine,1000,6699497320
2 OCEANFRONT rooms in a 2 room studio(ISLA VISTA college town )!,1395,6693773188
Need 2-3 people for remodeled  OCEANFRONT room in ISLA VISTA,695,6693769339
Newly Remodeled Room in Tropical Setting,1275,6699455367
Furnished Room In Tropical Setting,1275,6699454335
Room for Rent in Buellton Condo !!!!,500,6699434120
Beautiful Room in 2 bed 1.5 bath apt. in Santa Barbara,500,6699369621
Timeshare - Villa Del Palmar in Mexico,550,6699418394
Looking for 1 female roommate on the Mesa,1160,6699371276
Single near SBCC and the Beach!,650,6699370658
large bedroom for rent in Lower Riviera,500,6691728049
Large room/  walk-in closet/  bathroom in downtown Condo available NOW,1625,6680432545
single room available now,1100,6678451194
Room in Mesa house !!  move in now !!,960,6688094018
Room in house with private entrance shared bath Nov 1st,800,6695909152
Beautiful Home,1500,6696869251
Furnished with a modest closet and a half bath  In SB,750,6699244275
Room 15 minutes bike to UCSB,850,6699231226
Looking for a Roommate 1 bedroom apartment,450,6699182239
2 private bed/baths available in brand new 3b/3.5ba townhouse,500,6699182173
2 people;STUDENTS Or WORKING OR BOTH RM. IN FAMILY HOME,1400,6699138404
* *MESA- MASTER BEDROOM  /  SBCC \xe9\x99\x84\xe8\xbf\x91\xe7\x9a\x84 /  GREAT FOR SBCC,1250,6699131823
Private room in great house - looking for an awesome female roomate,800,6693675600
Furnished Room with Private Bathroom for ONE Male Tenant,1100,6695284375
Very low Price : Probable ScamNice bright room sep. entry en suite bath park,550,6700304037
Very low Price : Probable ScamNice Modern Home Looking for Roommate in Santa Barbara,450,6690068618
Very low Price : Probable ScamISLA VISTA 2018-2019 OCEANFRONT rooms in 2 room  studio,1395,6700357825
Nice bright room sep. entry en suite bath park,550,6700304037
Nice Modern Home Looking for Roommate in Santa Barbara,450,6690068618
ISLA VISTA 2018-2019 OCEANFRONT rooms in 2 room  studio,1395,6700357825
Nice bright room sep. entry en suite bath park,550,6700304037
Nice Modern Home Looking for Roommate in Santa Barbara,450,6690068618
ISLA VISTA 2018-2019 OCEANFRONT rooms in 2 room  studio,1395,6700357825
Bedroom Available in Downtown House 2 Blocks from Sunken Garden,1500,6700292176
Bedroom Available in Downtown House 2 Blocks from Sunken Garden,1500,6700277881
Mesa - Bedroom Available in 2 Bedroom,1160,6700258927
UCSB? Furnished? Grad? Intn&#39;l?,970,6700227154
UCSB FALL QTR - Grad? Intn&#39;l? Visiting Scholar? Furnished?,970,6698237927
Shared Room - Mission/Modoc - Near Downtown,562,6700218172
House Share - an amazing house in beautiful Mission Canyon,1550,6678610974
MASTERBEDROOM,1100,6700173826
Furnished private room and bath with access to pool,920,6676979710
Furnished Bedroom with Walk-in Closet for Rent In Lovely Home,410,6700012008
Bright Master Bedroom and Bath in Home - All Utils.,1450,6698541929
Room and bathroom in quiet home,900,6700103648
Nice Looking for 2 Working/Grad Roommate&#39;s for Beachside Mesa,450,6700008985
|||:::Beautiful Room in 2 bed 1.5 bath apt. in Santa Barbara****,500,6699937232
Nice Modern Home Looking for Roommate in Santa Barbara,580,6694765206
Converted garage,850,6700034820
I have a Private safe and clean furnished room at Santa Barbara,650,6684626282
Room in Goleta Near Ellwood Beach,500,6700333267
Bedroom Available in Downtown House 2 Blocks from Sunken Garden,1500,6700292176
Bedroom Available in Downtown House 2 Blocks from Sunken Garden,1500,6700277881
Mesa - Bedroom Available in 2 Bedroom,1160,6700258927
UCSB? Furnished? Grad? Intn&#39;l?,970,6700227154
UCSB FALL QTR - Grad? Intn&#39;l? Visiting Scholar? Furnished?,970,6698237927
Shared Room - Mission/Modoc - Near Downtown,562,6700218172
House Share - an amazing house in beautiful Mission Canyon,1550,6678610974
MASTERBEDROOM,1100,6700173826
Furnished private room and bath with access to pool,920,6676979710
Furnished Bedroom with Walk-in Closet for Rent In Lovely Home,410,6700012008
Bright Master Bedroom and Bath in Home - All Utils.,1450,6698541929
Room and bathroom in quiet home,900,6700103648
Nice Looking for 2 Working/Grad Roommate&#39;s for Beachside Mesa,450,6700008985
|||:::Beautiful Room in 2 bed 1.5 bath apt. in Santa Barbara****,500,6699937232
Nice Modern Home Looking for Roommate in Santa Barbara,580,6694765206
Converted garage,850,6700034820
I have a Private safe and clean furnished room at Santa Barbara,650,6684626282
Room for rent 650 (all utilities included),650,6701946191
I have a Private safe and clean furnished room at Santa Barbara,650,6684626282
Super Nice Room Near Hope Ranch,900,6701938679
Room/all UTILITES with Wifi  paid....Available now,850,6701927755
:@:Large room private entrance:&amp;:Large room private entrance:@:,440,6701833295
Large Private Rooms for UCSB Students,700,6697017461
UCSB? Grad? Intn&#39;l? Furnished?, 970, 6701975884
Large Furnished Bedroom Near UCSB and Costco (Ellwood Goleta), 950, 6702213952
Private bedroom available in Goleta, 595, 6702176621
Room share in a quiet clean all girls house!!!, 425, 6702053848
Brand new room for rent in a new community (near UCSB), 1500, 6682762408
Private room w/ private entry in renovated mellow Goleta House, 1075, 6685594233
Looking for a female student / female employed roommate, 450, 6702056437
Housemate wanted - Bright Luxurious APT w pool/Jacuzzi/gym near UCSB, 1240, 6698772074
$850 Bright Private Room On The Westside, 850, 6702820554
House to Share on Loma Street, 950, 6702790573
Bath for rent in large home In Santa Barbara, 520, 6702717988
Lovely furnished room in quiet clean home - 4- 6 month lease, 540, 6702646119
PRIVATE ROOM Across SBCC great for students 3min walk to SBCC, 1180, 6702705912
One-Bedroom +, 800, 6695602725
2 Bedrooms available now in a house !!, 540, 6693846123
Room 15 minutes bike to UCSB, 850, 6702636992
You will love making this gorgeous house your new home!, 349, 6702590880
cozy room in a 3bd/2ba house on the mesa... $950, 950, 6702597428
AVAIL Oct 25th for Healthy Quiet Eco-Conscious person, 1000, 6702569022
Room For Rent, 950, 6702561881
1 Professional share estate WiFi gardens state street/ frwy close, 50, 6699696423
Furnished room for a female SBCC student/young professional, 700, 6702480607
Room, 675, 6701086704
Private room and bath in old town Goleta, 650, 6703034391
2 private bed/baths available in brand new 3b/3.5ba townhouse, 660, 6703034953
PRIVATE ROOM 3min walk to SBCC GREAT FOR students, 1180, 6703112829
Room For Rent in Santa Barbara available now, 660, 6703011397
Live at the Beach in Montecito, 995, 6692049295
Live at the Beach in Montecito, 995, 6688007659
Room for rent in house Ellwood, 800, 6703024906
Looking for the perfect person to share large and sunny room, 450, 6702905222
|&quot;900ft2 Share Master bedroom with one female roommate Near Cottage **, 400, 6702896647
@!@!@Private room and bath furnished with access to pool!~!&amp;*&amp;, 430, 6702893053
Shared room - Available Oct 1st, 450, 6702906910
Unfurnished Private room, 595, 6702974013
Room with Private Entrance, 900, 6696421912
A Beautiful Bright Room in A Great Furnished Apt with Pool/Jacuzzi/Gym, 1240, 6698919676
!@!Nice Modern Home Looking for Roommate @in Santa Barbara @!, 450, 6699985036
Beautiful House to Share-Utilities Inc., 1200, 6698768482
Room By Old Mission Victorian House, 700, 6702883918
Room and private bathroom for rent in a house close to downtown SB., 400, 6698615848
{{ week }} ALL Utilities Included, 350, 6702832114
Bedroom Available in Downtown House 2 Blocks from Sunken Garden, 1500, 6703203727
\xf0\x9f\x8c\xb4 Simple room in contemporary home quiet cul-de-sac, 850, 6694211891
\xf0\x9f\x95\x98to \xf0\x9f\x95\x94 Do you go to work all day? I have a room for rent!, 850, 6696889581
Very Nice 1 bed 1 bath in great town-home great location!, 1300, 6704003755
Room with Private Entrance, 900, 6703995435
Room available great location !!, 500, 6703869075
Room in Large 3 Bedroom 2.5 Bath w/ Garden and Garage, 790, 6703915791
Nice quiet room in shared house near Shoreline Park on the Mesa., 560, 6703787607
Looking for a female rooomate in house !!!, 425, 6703869916
Beach City Apartments Along the Beach Walk to SBCC, 900, 6703901814
PRIVATE ROOM FOR RENT**Looking For Roommate, 520, 6703809598
Part-time: Private sleeping room for Commuter Professional, 450, 6694589619
Shared room for rent/2min Walk to SBCC, 575, 6703846556
Campus 880 - Female Double Available, 850, 6703842363
Two rooms in 3 bedroom condo ideal for one professional, 900, 6703790742
Looking for a new housemate, 450, 6703687720
Spacious private room available now, 875, 6699821034
\xe5\x93\x88\xe5\xb2\x97\xe5\xa4\xa7\xe5\xa5\x97\xe6\x88\xbf\xef\xbc\x8c\xe8\xb5\xb0\xe8\xb7\xaf1\xe5\x88\x86, 800, 6703773444
Room By Old Mission Victorian House, 700, 6703768035
Room for rent available in 3 bedroom townhouse, 400, 6703690767
Room 15 minutes bike to UCSB, 850, 6703729174
Lovely Room Available in Shared Beautiful Custom Home, 1200, 6703707766
Room in Country Ranch Modern Home., 900, 6688560926
Private Room in Home near Beach**Available NOW!!, 560, 6703626902
@!!@Roommate wanted near UCSB - Private room in beautiful townhous@!!@, 440, 6695884985
Awesome Master Bedroom in 4bed/2.5bath in Upper State/San Roque@@@, 500, 6695883175
Furnished room for rent, 900, 6689634307
Furnished room for rent, 850, 6703517971
The huge living room along with all Utilities!!, 460, 6695703760
ISLA VISTA 2018-2019 OCEANFRONT shared rooms in 2 room  studio, 695, 6703445423
1 Br Avail. beautiful DTSB - Garden ST - OCT 7th, 1200, 6703433997
Room For Rent, 700, 6685237954
Private Nicely Furnished En Suite Room on Santa Ynez Valley Estate, 985, 6698931600
BEWARE OF BEACH CITY HOUSING, 900, 6703408202
Large master bedroom, 995, 6679741974
Your own furnished room in a beautiful home utilities included, 900, 6686105496
Master bedroom for rent, 1200, 6703394102
1br near Mission and De La Vina - Move in Oct 1, 815, 6680594129
Private furnished studio for rent, 1450, 6701249192
OCEAN&amp;MT.VIEW15 MIN. TO SB&amp;VENTURAFREE WIFIPRIVATE ENTRANCE, 800, 6703250518
Bedroom Available in Downtown House 2 Blocks from Sunken Garden, 1500, 6704118175
Room for rent near to Santa Barbara Downtown, 550, 6704007055
Private room in great house - looking for an awesome female roomate, 800, 6700787793
Private Bed/Bath for rent in large home NEAR UCSB, 500, 6703960027
Furnished room with private bathroom separate entrance, 400, 6736190334
Shared room for female - Available Now, 750, 6726074323
Single Room Homestay - Available Nov 1, 1050, 6736497721
room in 4 bd house, 800, 6728286895
Room for rent, 1025, 6743094995
Private Sunny Bedroom for rent in a 4 Bedroom 2 Story House, 450, 6746907047
Spacious brightfurnished Room available, 425, 6746938605
Room rent- for female available now, 600, 6738456885
Shared room for rent with one other girl in a master bedroom, 450, 6746907199
Fully Furnished very quiet clean private room, 400, 6746938501
Room for rent w/ own bathroom and parking spot. Near beach and DT, 1100, 6742270242
Huge Room For Rent in a two bedroom apartment, 500, 6746915696
Downtown room wifi included walk-in closet, 550, 6746919416
Large Private Studio Room and Private Entrance@, 400, 6746918290
Live at the beach in Montecito, 1050, 6733401648
Miramar Housing, 1350, 6742168810
Mesa Beauty- Master BR and Bath in Home - All Utils, 510, 6746924218
Benefit from genuine care during treatment!, 440, 6737257539
Private Room and Bath ... NEWER LUXURY CONDO ... Buellton, 415, 6744666004
Beautiful master bedroom private bath near center with amazing view!, 425, 6744663582
Room for rent - month to month perfect for UCSB student, 540, 6746870586
Room near UCSB (Not Isla Vista), 789, 6746884716
Share Furnished HomePrivate room+bath WiFi Pool, 550, 6743601405
Single Bedroom in Refurbished Home**Month 2 Month, 600, 6746810318
room available very close to California  university, 600, 6746797679
Your own furnished room in a beautiful home utilities included, 900, 6742698416
Master Bed/Bath, 1200, 6730720202
Large Master Bedroom Available 450 sq ft., 1100, 6746760229
SINGLE ROOM ACROSS FROM SBCC, 1150, 6746759686
Room for rent in a 3brm house, 966, 6722611375
Room for Rent-Mission Canyon-$850/month, 850, 6746727926
Nice Room on the Mesa, 1200, 6746695279
2 Bed - 2 Bath Furnished Apartment Available Christmas Eve!, 3850, 6726736409
2 Downtown Rooms in Santa Barbara, 820, 6746652015
Room in Victorian House In Convenient Downtown Location, 775, 6740805055
Large sunny upstairs room for female, 900, 6741703952
Room near UCSB (Not Isla Vista), 789, 6746555784
Room For Rent In 2 Bedroom - Single Person, 1000, 6745058516
Two rooms available, 1000, 6746542470
Bedroom in 2 bed 1 bath cottage, 1250, 6746536361
Room in Lovely Condo Large Closet, 900, 6746535905
Rooms available in house, 900, 6743531097
Beautiful master bedroom/private bath available now!!!, 580, 6746446320
YES! Nice Room Suite F is 17&#39; x 9&#39;7&quot; with Travertine Marble Floors, 940, 6746496127
1 bedroom month to month, 700, 6744959228
Room for Rent $600 Utilities Included, 600, 6746487204
Look for 1 or 2 awesome housemates!, 660, 6746469132
Share My Los Carneros Apartment, 1450, 6729283289
Single room $900 and Spot Available $350 / Month a Month/No Contract, 350, 6746414080
